[
  {
    "id": "675ed0ab-9f39-3df5-aefa-f06df27306db",
    "name": "keaterHD",
    "millis": 1543796936064
  },
  {
    "id": "2f38c41e-e220-3144-b547-c5f48310cec4",
    "name": "Mr_StarPlay",
    "millis": 1542485708249
  },
  {
    "id": "e9b8c9d4-8197-3a95-bea0-6ef6f9164290",
    "name": "GolosoYouTube",
    "millis": 1543354790664
  },
  {
    "id": "2c49ede8-3054-3eb9-b98b-71ef78616c16",
    "name": "PekesitoCg",
    "millis": 1542612146714
  },
  {
    "id": "3753fa12-3d67-3c2a-acbb-9fffa8d10f8e",
    "name": "DTaco123",
    "millis": 1542943802808
  },
  {
    "id": "7a609457-e7b5-3dfd-95f4-6c883a26a7b1",
    "name": "Pig_troll",
    "millis": 1543693724758
  },
  {
    "id": "d3cc4f81-f383-3b65-8671-52d1d3b9f2ad",
    "name": "Illeaza",
    "millis": 1543362907595
  },
  {
    "id": "9961a5b9-6372-352c-a763-46c2cd9f8128",
    "name": "StevenRandon",
    "millis": 1542562481211
  },
  {
    "id": "8777c129-130f-3e4d-8d6e-c86beadf459c",
    "name": "iTheDanny_Winner",
    "millis": 1543415599035
  },
  {
    "id": "ef0f761f-d369-3af7-bcdc-d5c6c12e4594",
    "name": "MiraiPreitzerYT",
    "millis": 1543369125199
  },
  {
    "id": "35c7d6e1-47d4-3014-ba89-6f6a526bde9a",
    "name": "XXXTentacioonYT",
    "millis": 1543355686659
  },
  {
    "id": "e3fb0fb3-fbee-3f7e-8342-d2eb4a132603",
    "name": "iluvPaul",
    "millis": 1542484960918
  },
  {
    "id": "5308ba4c-c789-3a0d-a430-337de6bc9d30",
    "name": "Zona",
    "millis": 1542647418192
  },
  {
    "id": "ec170e1f-119e-36ed-ad55-c01b8d36556e",
    "name": "CrazyMrDino",
    "millis": 1543870196693
  },
  {
    "id": "8bdc2021-2d10-3c0c-be3c-b52ef6b6f3d5",
    "name": "xKool",
    "millis": 1543041354643
  },
  {
    "id": "e765cc39-7ac6-3d66-8c04-e3f09096805b",
    "name": "ImAlbertosk",
    "millis": 1543270784451
  },
  {
    "id": "a8b16ded-a2bc-3565-b439-084fa9a33ec2",
    "name": "TheTurtles",
    "millis": 1543693725301
  },
  {
    "id": "1d953477-2b6a-355d-9b00-49c2e467e693",
    "name": "Avicii_",
    "millis": 1543505151293
  },
  {
    "id": "ea03544f-7ede-391e-b86d-3c4f84c4ded1",
    "name": "Spiony_YT",
    "millis": 1543046621628
  },
  {
    "id": "93faf2c9-c48e-3cfc-b13d-1c0a0b10f491",
    "name": "ImBarding_",
    "millis": 1542487359261
  },
  {
    "id": "ef9abfde-31da-3bd6-beac-b4251967533c",
    "name": "Chriswc16",
    "millis": 1542516772665
  },
  {
    "id": "a034b868-c750-3bf3-8871-51210048609b",
    "name": "MeAgarroUnUSB",
    "millis": 1542685008236
  },
  {
    "id": "cf0c0962-10a3-3260-8eae-509fe082f126",
    "name": "JumPy",
    "millis": 1542999679381
  },
  {
    "id": "ab2d1f13-9f4a-3443-b125-a4eaef98feb5",
    "name": "ImSantii_",
    "millis": 1542846498994
  },
  {
    "id": "6d70a49a-1608-3f70-b2c0-b207e452c214",
    "name": "gonzalo965",
    "millis": 1542848302831
  },
  {
    "id": "d6dac937-07f6-3f41-a715-72da3bfbcf82",
    "name": "V44ns",
    "millis": 1542991690775
  },
  {
    "id": "d2fcc4c1-5fb0-36dd-87bf-135c8f7fe890",
    "name": "Daylanth",
    "millis": 1543087564721
  },
  {
    "id": "434b2be3-876f-355d-a808-dc4f9c3487f6",
    "name": "_iNot6IX9INE_",
    "millis": 1543543191365
  },
  {
    "id": "c4fe3e0f-6851-36ca-bbe9-a8859aa76e2b",
    "name": "iFatality_",
    "millis": 1543683463195
  },
  {
    "id": "6d0e2a76-4015-35e2-8d37-794b3a08bdca",
    "name": "Bryan",
    "millis": 1543618307221
  },
  {
    "id": "5e287f30-a5d7-37f0-af01-3bd1ac120660",
    "name": "olbacu",
    "millis": 1542601565629
  },
  {
    "id": "086d9ccf-a023-3991-80e9-cb2c493fbf51",
    "name": "iJustinGc_",
    "millis": 1542646344219
  },
  {
    "id": "b87e1531-ac47-3ec3-ae2d-f112d75e8895",
    "name": "Carlosloncho",
    "millis": 1542570858638
  },
  {
    "id": "6b944187-6b04-3cbe-b462-a2333c002594",
    "name": "ABsatomi159",
    "millis": 1543520193564
  },
  {
    "id": "f37e16ee-b562-3b39-8158-2cdea17306e2",
    "name": "Answer_",
    "millis": 1543864317590
  },
  {
    "id": "3b131666-6893-3210-91a2-923a982ba85e",
    "name": "Combeado_",
    "millis": 1543367912407
  },
  {
    "id": "dd23ebdc-1fe7-3889-b064-16a7f9f070e7",
    "name": "iTzMasterKingMC",
    "millis": 1543066809336
  },
  {
    "id": "af3f8ad8-43f4-3dea-9f4e-26417d9c1ee1",
    "name": "agustin360",
    "millis": 1542911788978
  },
  {
    "id": "f70be1d4-7795-304a-b01f-65408a44f7fb",
    "name": "panchotecanelas",
    "millis": 1542549120346
  },
  {
    "id": "724bb91e-9b95-3941-859f-50a7858a1ef4",
    "name": "Buxar342",
    "millis": 1543107460768
  },
  {
    "id": "ed69160b-847f-3595-8ef0-786f557d2d05",
    "name": "gorila001",
    "millis": 1542592034515
  },
  {
    "id": "f1c4015c-3598-393d-a2b5-85d107ff91b6",
    "name": "LilFede_",
    "millis": 1542763286532
  },
  {
    "id": "01afc61f-eddb-3c6f-9a2b-59fb41c9c472",
    "name": "JaviGamer",
    "millis": 1543041029624
  },
  {
    "id": "139fb5d1-cfb8-38dc-898a-a93224d1559c",
    "name": "MISTER_F",
    "millis": 1543885176967
  },
  {
    "id": "bf516e7d-7342-3ed1-897b-637a55b04f97",
    "name": "Spuffay",
    "millis": 1543280082877
  },
  {
    "id": "fafb524b-8a44-3736-baea-49988f721735",
    "name": "Einen_no_Hikari",
    "millis": 1542594010958
  },
  {
    "id": "5cc72cfa-13f9-3ad2-bb56-2e408bcf016d",
    "name": "N0tRedex",
    "millis": 1543285978394
  },
  {
    "id": "d4e8b5e5-0085-3f43-99a2-f8131c48023e",
    "name": "Dilan",
    "millis": 1542643806051
  },
  {
    "id": "31d19ca3-7eda-3e6d-bb25-fe306f58d70b",
    "name": "iTz_KiritoXVII",
    "millis": 1543638460927
  },
  {
    "id": "a8fec368-0ff3-3a4d-a01c-8332c2116d16",
    "name": "borkanus",
    "millis": 1542812636335
  },
  {
    "id": "dcd7067b-823f-35f4-a912-017abbb3cb7b",
    "name": "The_SrMega",
    "millis": 1543461108888
  },
  {
    "id": "00ec69df-2bdd-38f4-bedc-d18830be0aca",
    "name": "_Revork_",
    "millis": 1543078476482
  },
  {
    "id": "621dcdf1-e3fd-3401-947d-cf4a68004730",
    "name": "taquero",
    "millis": 1543618307214
  },
  {
    "id": "93cc87dc-ccc1-37fb-a64e-24c56b83e35c",
    "name": "Lvro",
    "millis": 1543861788777
  },
  {
    "id": "511711eb-f126-309a-aa44-eea0d25d2302",
    "name": "KenettEZ",
    "millis": 1542575928710
  },
  {
    "id": "b9b2e8fc-f512-35d2-bd01-7f952a94360d",
    "name": "DeluxG98",
    "millis": 1543725130599
  },
  {
    "id": "ca59a787-cdec-305e-bb37-35d2c8168a48",
    "name": "Alfonso999",
    "millis": 1542561687308
  },
  {
    "id": "2606fa28-6eee-3221-b129-5cbf037fa180",
    "name": "SurerCrescent46",
    "millis": 1542846882615
  },
  {
    "id": "cbcd5275-87ca-3176-b639-61fd4895988e",
    "name": "ELKoala",
    "millis": 1543055828034
  },
  {
    "id": "3da990c9-b751-3efe-a2a8-1b3b45777c92",
    "name": "_XionMC",
    "millis": 1543561592535
  },
  {
    "id": "7ed39ead-1f55-3769-86aa-1b58500ef642",
    "name": "moises24",
    "millis": 1543271766149
  },
  {
    "id": "9ca7e312-e0aa-34a1-991d-ebf5ba4154cc",
    "name": "jordi_PvP",
    "millis": 1542943851963
  },
  {
    "id": "4e6c3ec4-dc62-3d1c-9fd2-541addd1bb8c",
    "name": "BlurMaster",
    "millis": 1543860290173
  },
  {
    "id": "e455877c-413a-34c5-845c-354b7830b8fd",
    "name": "zAstra",
    "millis": 1542939339803
  },
  {
    "id": "b5177b21-a353-39ea-b7e6-5ed1cc213f1e",
    "name": "kataro_3000",
    "millis": 1543282214628
  },
  {
    "id": "2ad33de4-8448-3b18-9124-b001bb43a271",
    "name": "RoxKyoto",
    "millis": 1543356332081
  },
  {
    "id": "eedfff57-c342-31f4-bde3-32d989414f99",
    "name": "Kurzheki",
    "millis": 1543105236945
  },
  {
    "id": "f53c0c22-33f7-322b-85e0-60d8be2692c5",
    "name": "_BUGSBUNNY_",
    "millis": 1543342873213
  },
  {
    "id": "d72f13bc-a771-3e7f-85d3-25c4a5286de0",
    "name": "xXHunterMSTXx",
    "millis": 1543773418541
  },
  {
    "id": "13311215-e53d-3aae-8030-4f72525cc5e9",
    "name": "XxAngelDarkxX",
    "millis": 1542487292613
  },
  {
    "id": "622cf480-01c1-34f2-b4cb-846584c92aa0",
    "name": "ElTioChabelo",
    "millis": 1542597789799
  },
  {
    "id": "4e8c5fa9-ac1e-38be-b111-7393f6454811",
    "name": "xAlexGamerYTx",
    "millis": 1543069465586
  },
  {
    "id": "85895115-817c-3400-bc43-2cee63af8b1b",
    "name": "alanfull98",
    "millis": 1543358634932
  },
  {
    "id": "3297f95a-bd7d-3436-a4e8-a7a7ecb0ce74",
    "name": "Xx_Mega_xX",
    "millis": 1543070386597
  },
  {
    "id": "f5308202-9c26-3eab-90de-32bd50b08396",
    "name": "Marble55",
    "millis": 1543795382387
  },
  {
    "id": "5839de4e-4562-342f-a19c-b5292d7a973c",
    "name": "Slenderman_YT",
    "millis": 1543379663929
  },
  {
    "id": "8b272aa4-179e-38c8-876c-f120cabbb055",
    "name": "ELPRO_PRO_YT",
    "millis": 1542488463939
  },
  {
    "id": "bfe5153f-3d76-380a-8d84-09acd416404d",
    "name": "iAlejo_x",
    "millis": 1543266846823
  },
  {
    "id": "c8697faa-e637-3298-9765-3cb4adc0fdc2",
    "name": "Mythical_",
    "millis": 1543076554320
  },
  {
    "id": "8f44823f-79c3-36f6-bfc9-610045585bf4",
    "name": "DarkGamerOp_0213",
    "millis": 1542592476423
  },
  {
    "id": "6999e841-c2bd-36cb-a314-be0bd02c9c4c",
    "name": "Alvarez_Jist96",
    "millis": 1542526986540
  },
  {
    "id": "a9041d92-2c08-3153-bd4f-bad5e12a2f4e",
    "name": "deco500_YT",
    "millis": 1543277822586
  },
  {
    "id": "3dc9875a-33e8-34be-a28d-4c3bb2c958a9",
    "name": "FireOtaku",
    "millis": 1543407044558
  },
  {
    "id": "7cea251d-a210-3a45-a016-5c20177a7239",
    "name": "WitherGold",
    "millis": 1543416751365
  },
  {
    "id": "6c6c952b-1e2e-3e64-a11b-4ecbbcb361ed",
    "name": "ThePorkyporker",
    "millis": 1543107892076
  },
  {
    "id": "78054767-dc43-3f1e-b75b-b8b6b2b5a28f",
    "name": "TheLightningHero",
    "millis": 1543173623096
  },
  {
    "id": "a5ca6503-2b37-3b0e-ac9d-99572d9d838f",
    "name": "zlMoisesYT",
    "millis": 1542562298211
  },
  {
    "id": "dad1a4e7-5db2-346a-902e-a90000c9443a",
    "name": "Sekatow",
    "millis": 1543078452919
  },
  {
    "id": "88be033c-9b45-3296-98b2-a0e03d8b4ff4",
    "name": "MiniConfig",
    "millis": 1542997281488
  },
  {
    "id": "492cd532-5970-3a8d-8178-5c88e02d688a",
    "name": "asesinoouhc",
    "millis": 1543471165080
  },
  {
    "id": "9e116270-9be8-3ffd-898e-b10be4c7620a",
    "name": "Bofah",
    "millis": 1543283632734
  },
  {
    "id": "e07ffb35-b552-3bdb-934f-c4057a2b3bed",
    "name": "YourSteveKaiF",
    "millis": 1543267339355
  },
  {
    "id": "5a219412-e879-3cdf-861c-f4917fd23825",
    "name": "WolfOfSnow",
    "millis": 1543437531166
  },
  {
    "id": "72bf33c2-d164-3c10-92f1-de8d311d723c",
    "name": "KimTaehyungxd",
    "millis": 1543098920485
  },
  {
    "id": "7ce6df68-276a-3355-aa14-ab95378fe0c0",
    "name": "MoMiaGamer",
    "millis": 1542775207717
  },
  {
    "id": "1b862f55-0292-3c3f-b1b0-2147debef9cc",
    "name": "MerwebtoO",
    "millis": 1542943546713
  },
  {
    "id": "f960132a-cfd9-3cc7-850d-429c72f0d276",
    "name": "xLuFFy",
    "millis": 1542601893477
  },
  {
    "id": "42fcabaa-45aa-3e0c-b67c-db9069cd4f17",
    "name": "Merca",
    "millis": 1543565501926
  },
  {
    "id": "f7867e12-2156-358b-a82c-53e30b813bd2",
    "name": "_NotHacking_",
    "millis": 1543717800639
  },
  {
    "id": "@console",
    "name": "@console",
    "millis": 1544503236383
  },
  {
    "id": "31c43bb2-846b-3b77-a0e6-4dc306edbd6b",
    "name": "bboymorenoo",
    "millis": 1543369566011
  },
  {
    "id": "8a26f25d-68b1-330f-88aa-3a884a6b3752",
    "name": "Firezne",
    "millis": 1543375173337
  },
  {
    "id": "ed69f6e5-4f29-3e75-8303-ab816890ccca",
    "name": "RealSnazzy_",
    "millis": 1543044443976
  },
  {
    "id": "d4a5d688-3f9e-31a4-a411-beb896fb51f7",
    "name": "Merwebto0",
    "millis": 1542943835341
  },
  {
    "id": "f0120939-d168-3918-874e-a0d7b54d31df",
    "name": "magig6009",
    "millis": 1543339749677
  },
  {
    "id": "0e93bc68-f032-321e-80f7-a66952b70055",
    "name": "Gasparinks",
    "millis": 1543878325401
  },
  {
    "id": "7671757f-3b2f-36e0-b6e1-4e592060bd31",
    "name": "iFedeFC",
    "millis": 1542968932822
  },
  {
    "id": "4d472490-eae2-3792-804b-60fe111f22b9",
    "name": "Itzjohan_YT",
    "millis": 1543349191846
  },
  {
    "id": "7e2218d7-0af8-3c09-a3c1-33470bf932ef",
    "name": "alixg4mer",
    "millis": 1542486632074
  },
  {
    "id": "783f806d-8fea-3171-9a03-7d56259d4f18",
    "name": "10xXBomBeRXx10",
    "millis": 1543599476529
  },
  {
    "id": "3cf10e80-94d8-3ab8-bdc3-c3bd49ca8b8e",
    "name": "GhostMC",
    "millis": 1543041127870
  },
  {
    "id": "922e5425-decb-3c22-a34f-a1dcffe6a3b2",
    "name": "book12",
    "millis": 1543268734851
  },
  {
    "id": "82bf05e3-a78f-335d-a32f-7cc91898868d",
    "name": "pepeswag2005",
    "millis": 1543697675132
  },
  {
    "id": "46628bf8-3806-384e-94df-b3e534cf2b2a",
    "name": "LordCriss",
    "millis": 1542600602877
  },
  {
    "id": "81910bcb-0b3c-341b-a899-0335d88bb9aa",
    "name": "KlauxXYT",
    "millis": 1543446056341
  },
  {
    "id": "98a90000-9c23-3a87-b4d4-5b771769b162",
    "name": "Essentials",
    "millis": 1543448910318
  },
  {
    "id": "c7bdf200-61d6-3358-b7b8-77e35a3f1e40",
    "name": "DayliMisfit",
    "millis": 1543688387271
  },
  {
    "id": "b00dfdbf-e9b0-37ac-85d3-c1621a4e2338",
    "name": "VerzatilGamer18",
    "millis": 1543443359436
  },
  {
    "id": "9872775a-044b-318e-977e-43c9909a69b6",
    "name": "MerwebitoO",
    "millis": 1543003735538
  },
  {
    "id": "f088d851-2127-381a-8cb1-019aa4ce4546",
    "name": "_FerneySan_",
    "millis": 1543281899534
  }
]