10xxbomberxx10,783f806d-8fea-3171-9a03-7d56259d4f18
_bugsbunny_,f53c0c22-33f7-322b-85e0-60d8be2692c5
_ferneysan_,f088d851-2127-381a-8cb1-019aa4ce4546
_inot6ix9ine_,434b2be3-876f-355d-a808-dc4f9c3487f6
_nothacking_,f7867e12-2156-358b-a82c-53e30b813bd2
_revork_,00ec69df-2bdd-38f4-bedc-d18830be0aca
_xionmc,3da990c9-b751-3efe-a2a8-1b3b45777c92
absatomi159,6b944187-6b04-3cbe-b462-a2333c002594
agustin360,af3f8ad8-43f4-3dea-9f4e-26417d9c1ee1
alanfull98,85895115-817c-3400-bc43-2cee63af8b1b
alfonso999,ca59a787-cdec-305e-bb37-35d2c8168a48
alixg4mer,7e2218d7-0af8-3c09-a3c1-33470bf932ef
alvarez_jist96,6999e841-c2bd-36cb-a314-be0bd02c9c4c
answer_,f37e16ee-b562-3b39-8158-2cdea17306e2
asesinoouhc,492cd532-5970-3a8d-8178-5c88e02d688a
avicii_,1d953477-2b6a-355d-9b00-49c2e467e693
bboymorenoo,31c43bb2-846b-3b77-a0e6-4dc306edbd6b
blurmaster,4e6c3ec4-dc62-3d1c-9fd2-541addd1bb8c
bofah,9e116270-9be8-3ffd-898e-b10be4c7620a
book12,922e5425-decb-3c22-a34f-a1dcffe6a3b2
borkanus,a8fec368-0ff3-3a4d-a01c-8332c2116d16
bryan,6d0e2a76-4015-35e2-8d37-794b3a08bdca
buxar342,724bb91e-9b95-3941-859f-50a7858a1ef4
carlosloncho,b87e1531-ac47-3ec3-ae2d-f112d75e8895
chriswc16,ef9abfde-31da-3bd6-beac-b4251967533c
combeado_,3b131666-6893-3210-91a2-923a982ba85e
crazymrdino,ec170e1f-119e-36ed-ad55-c01b8d36556e
darkgamerop_0213,8f44823f-79c3-36f6-bfc9-610045585bf4
daylanth,d2fcc4c1-5fb0-36dd-87bf-135c8f7fe890
daylimisfit,c7bdf200-61d6-3358-b7b8-77e35a3f1e40
deco500_yt,a9041d92-2c08-3153-bd4f-bad5e12a2f4e
deluxg98,b9b2e8fc-f512-35d2-bd01-7f952a94360d
dilan,d4e8b5e5-0085-3f43-99a2-f8131c48023e
dtaco123,3753fa12-3d67-3c2a-acbb-9fffa8d10f8e
edwin29,baf81879-9a28-3c1f-8db8-74e2e4dff84e
einen_no_hikari,fafb524b-8a44-3736-baea-49988f721735
elkoala,cbcd5275-87ca-3176-b639-61fd4895988e
elpro_pro_yt,8b272aa4-179e-38c8-876c-f120cabbb055
eltiochabelo,622cf480-01c1-34f2-b4cb-846584c92aa0
essentials,98a90000-9c23-3a87-b4d4-5b771769b162
faction_07a7a62a_0144_4e85_aadd_0f4d902de1cb,d45f2a3d-a59a-34d7-b173-d2637d225813
faction_138f7d5c_6039_455a_9400_e53e8168629f,7b8b8e7a-1c2d-365a-a66f-f64428800d48
faction_160da95d_48ee_44ac_b10d_62c9a5c2cc62,14bc2d57-6299-3907-b265-4a9e543cff08
faction_18729335_a59d_40bf_8dae_2a39c0117dd9,333cb653-f334-31ff-8df9-2434ec297039
faction_2ac039f8_1c13_4bfb_979a_4bc03c57ae16,19088863-6c9d-383e-9d9c-4b85920bf977
faction_312684cc_3f54_4ca8_9003_7e191051b896,88a1b160-e834-368e-a2ea-456da52d4757
faction_5369afef_e899_49f2_9519_2a4f0c37a51e,475b94d6-c72f-3b0f-b55f-edbf27ba9a84
faction_6b69a66c_bbb3_463e_8396_9969760e938e,7578cab6-4ae8-3c24-9a4a-ec73825a61a9
faction_780bf68b_7aea_4946_a619_5f6e52f260b4,165fbeb3-1ad6-36ce-9d28-4b9bc631ebdc
faction_99a6fbd7_8648_444a_a43e_000fe236f203,083e519b-49e6-328f-8a1d-829e3ecdd331
faction_a8862e68_67b6_4544_8b8a_f81e5cebdd71,3b129142-0add-3c08-9c8f-9976c7ff8a63
faction_b6fdd20a_982d_4982_86db_0b8ed91331ff,078e696a-43a6-393f-b8d4-f6e8091e0953
faction_e0c8acf0_7fd0_445f_a561_1d7f8eadb31c,bdd83aa2-06a5-3ebd-a645-21c21e674e22
faction_fac80c90_ad0a_42d3_932f_1c31bbac0405,12ee3767-0960-3648-a355-bf2e3d18f9d3
faction_feeaa76e_8fb5_476e_bef8_ec613a237b3a,e67f4622-ac4e-3cf0-af2f-e09eb5ad1562
faction_none,b72ed491-5413-3d1e-bf88-bc59e8cdf984
fireotaku,3dc9875a-33e8-34be-a28d-4c3bb2c958a9
firezne,8a26f25d-68b1-330f-88aa-3a884a6b3752
gasparinks,0e93bc68-f032-321e-80f7-a66952b70055
ghostmc,3cf10e80-94d8-3ab8-bdc3-c3bd49ca8b8e
golosoyoutube,e9b8c9d4-8197-3a95-bea0-6ef6f9164290
gonzalo965,6d70a49a-1608-3f70-b2c0-b207e452c214
gorila001,ed69160b-847f-3595-8ef0-786f557d2d05
ialejo_x,bfe5153f-3d76-380a-8d84-09acd416404d
ifatality_,c4fe3e0f-6851-36ca-bbe9-a8859aa76e2b
ifedefc,7671757f-3b2f-36e0-b6e1-4e592060bd31
ijustingc_,086d9ccf-a023-3991-80e9-cb2c493fbf51
illeaza,d3cc4f81-f383-3b65-8671-52d1d3b9f2ad
iluvpaul,e3fb0fb3-fbee-3f7e-8342-d2eb4a132603
imalbertosk,e765cc39-7ac6-3d66-8c04-e3f09096805b
imbarding_,93faf2c9-c48e-3cfc-b13d-1c0a0b10f491
imsantii_,ab2d1f13-9f4a-3443-b125-a4eaef98feb5
ithedanny_winner,8777c129-130f-3e4d-8d6e-c86beadf459c
itz_kiritoxvii,31d19ca3-7eda-3e6d-bb25-fe306f58d70b
itzjohan_yt,4d472490-eae2-3792-804b-60fe111f22b9
itzmasterkingmc,dd23ebdc-1fe7-3889-b064-16a7f9f070e7
javigamer,01afc61f-eddb-3c6f-9a2b-59fb41c9c472
jordi_pvp,9ca7e312-e0aa-34a1-991d-ebf5ba4154cc
jumpy,cf0c0962-10a3-3260-8eae-509fe082f126
kataro_3000,b5177b21-a353-39ea-b7e6-5ed1cc213f1e
keaterhd,675ed0ab-9f39-3df5-aefa-f06df27306db
kenettez,511711eb-f126-309a-aa44-eea0d25d2302
kimtaehyungxd,72bf33c2-d164-3c10-92f1-de8d311d723c
klauxxyt,81910bcb-0b3c-341b-a899-0335d88bb9aa
kurzheki,eedfff57-c342-31f4-bde3-32d989414f99
lilfede_,f1c4015c-3598-393d-a2b5-85d107ff91b6
lordcriss,46628bf8-3806-384e-94df-b3e534cf2b2a
lvro,93cc87dc-ccc1-37fb-a64e-24c56b83e35c
magig6009,f0120939-d168-3918-874e-a0d7b54d31df
marble55,f5308202-9c26-3eab-90de-32bd50b08396
meagarrounusb,a034b868-c750-3bf3-8871-51210048609b
mentalcode,9bb87fd4-dfac-3f79-a092-b937c3cc6a24
merca,42fcabaa-45aa-3e0c-b67c-db9069cd4f17
merwebitoo,9872775a-044b-318e-977e-43c9909a69b6
merwebto0,d4a5d688-3f9e-31a4-a411-beb896fb51f7
merwebtoo,1b862f55-0292-3c3f-b1b0-2147debef9cc
miniconfig,88be033c-9b45-3296-98b2-a0e03d8b4ff4
miraipreitzeryt,ef0f761f-d369-3af7-bcdc-d5c6c12e4594
mister_f,139fb5d1-cfb8-38dc-898a-a93224d1559c
moises24,7ed39ead-1f55-3769-86aa-1b58500ef642
momiagamer,7ce6df68-276a-3355-aa14-ab95378fe0c0
mr_starplay,2f38c41e-e220-3144-b547-c5f48310cec4
mythical_,c8697faa-e637-3298-9765-3cb4adc0fdc2
n0tredex,5cc72cfa-13f9-3ad2-bb56-2e408bcf016d
olbacu,5e287f30-a5d7-37f0-af01-3bd1ac120660
panchotecanelas,f70be1d4-7795-304a-b01f-65408a44f7fb
pekesitocg,2c49ede8-3054-3eb9-b98b-71ef78616c16
pepeswag2005,82bf05e3-a78f-335d-a32f-7cc91898868d
pig_troll,7a609457-e7b5-3dfd-95f4-6c883a26a7b1
realsnazzy_,ed69f6e5-4f29-3e75-8303-ab816890ccca
roxkyoto,2ad33de4-8448-3b18-9124-b001bb43a271
sekatow,dad1a4e7-5db2-346a-902e-a90000c9443a
slenderman_yt,5839de4e-4562-342f-a19c-b5292d7a973c
spiony_yt,ea03544f-7ede-391e-b86d-3c4f84c4ded1
spuffay,bf516e7d-7342-3ed1-897b-637a55b04f97
stevenrandon,9961a5b9-6372-352c-a763-46c2cd9f8128
surercrescent46,2606fa28-6eee-3221-b129-5cbf037fa180
taquero,621dcdf1-e3fd-3401-947d-cf4a68004730
the_srmega,dcd7067b-823f-35f4-a912-017abbb3cb7b
thelightninghero,78054767-dc43-3f1e-b75b-b8b6b2b5a28f
theporkyporker,6c6c952b-1e2e-3e64-a11b-4ecbbcb361ed
theturtles,a8b16ded-a2bc-3565-b439-084fa9a33ec2
v44ns,d6dac937-07f6-3f41-a715-72da3bfbcf82
verzatilgamer18,b00dfdbf-e9b0-37ac-85d3-c1621a4e2338
withergold,7cea251d-a210-3a45-a016-5c20177a7239
wolfofsnow,5a219412-e879-3cdf-861c-f4917fd23825
xalexgamerytx,4e8c5fa9-ac1e-38be-b111-7393f6454811
xkool,8bdc2021-2d10-3c0c-be3c-b52ef6b6f3d5
xluffy,f960132a-cfd9-3cc7-850d-429c72f0d276
xx_mega_xx,3297f95a-bd7d-3436-a4e8-a7a7ecb0ce74
xxangeldarkxx,13311215-e53d-3aae-8030-4f72525cc5e9
xxhuntermstxx,d72f13bc-a771-3e7f-85d3-25c4a5286de0
xxxtentacioonyt,35c7d6e1-47d4-3014-ba89-6f6a526bde9a
yourstevekaif,e07ffb35-b552-3bdb-934f-c4057a2b3bed
zastra,e455877c-413a-34c5-845c-354b7830b8fd
zlmoisesyt,a5ca6503-2b37-3b0e-ac9d-99572d9d838f
zona,5308ba4c-c789-3a0d-a430-337de6bc9d30
